attenuator_db,N,N_std
38,493.1,25.31775837
35,901.7,32.05221435
32,1665.7,42.84351371
29,3151.1,60.44179937
26,5950.2,72.6862359
23,11022.1,92.65881262
